{
  "assetsByChunkName": {
    "vendors~app-account~app-confirmation~app-order": "chunk.0d26a72dd79fe753840c.js",
    "vendors~app-account~app-checkout": "chunk.31708c8ff79e8e94b2a3.js",
    "vendors~app-cart~app-checkout": "chunk.523f4e07a2a4ede9ae7d.js",
    "admin": [
      "admin.66fd7cf0e0d061e06414.js",
      "admin.66fd7cf0e0d061e06414.js.map"
    ],
    "app-account": "chunk.c0c6a7f518954f461510.js",
    "app-checkout": "chunk.76e28e27f968c0fb791c.js",
    "app-confirmation": "chunk.a65b44fc8690adecbd1d.js",
    "checkout": [
      "checkout.ee1d00f032c3c10c5048.js",
      "checkout.ee1d00f032c3c10c5048.js.map"
    ],
    "storefront": [
      "storefront.4d2ccc7cf9d02d29913e.css",
      "storefront.c41cebd4393202c526bd.js",
      "storefront.4d2ccc7cf9d02d29913e.css.map",
      "storefront.c41cebd4393202c526bd.js.map"
    ],
    "vendors~app-cart": "chunk.6f306f95c0df13771c14.js",
    "vendors~app-order": "chunk.231fb6856f69052ca4d1.js"
  }
}