{
  "marketing_stripe": {
    "text": " 🛒 Loja toda em promoção! - 🚚 Frete grátis!",
    "link": "",
    "background": "#1a2aa1",
    "color": "#ffffff"
  },
  "contacts_stripe": {
    "pages": [
      {
        "title": "atendimento@blancatesports.com.br"
      }
    ],
    "phone_wpp": true,
    "socials": true
  },
  "categories_list": {
    "featured": [
      "/lancamentos?Lançamentos 2024/25",
      "/selecoes?Seleções",
      "/clubes?Clubes",
      "/colecao-de-inverno?Coleção de Inverno",
      "/femininas?Femininas",
      "/conjuntos-infantis?Conjuntos Infantis"
    ],
    "random": 0,
    "full_width": true
  },
  "desktop_megamenu": false,
  "search_input": true,
  "alphabetical_order_submenu": true,
  "full_width_submenu": true,
  "centralized_logo": false
}