{
  "meta_title": "Blancate Sports - Artigos Esportivos",
  "meta_description": "Nós, da © Blancate Sports temos como nosso principal objetivo levar a voce a melhor qualidade em material esportivo com o melhor preço, aliado a isso procuramos sempre oferecer aos nossos clientes a melhor experiencia de compra possível.  A © Blancate Sports é um e-commerce de vendas de produtos importados, com fundação em fev/2022.  Garantimos a entrega e qualidade dos nossos produtos em cada entrega executada. Nossa responsabilidade é a satisfação do cliente com a experiência de compra, e para isso contamos com uma equipe de suporte especializada para auxiliar o cliente antes, durante e depois da compra.",
  "sections": [
    {
      "type": "banner-slider",
      "autoplay": 5000,
      "full_width": false,
      "slides": [
        {
          "start": "",
          "end": "",
          "img": "/img/uploads/pague-2-leve-3-blacante.jpg",
          "link": "https://blancatesports.com.br/lancamentos",
          "mobile_img": "/img/uploads/pague-2-leve-3-blacante-mboile.jpg"
        },
        {
          "start": "",
          "end": "",
          "img": "/img/uploads/lancamentos.jpg",
          "link": "https://blancatesports.com.br/lancamentos",
          "mobile_img": "/img/uploads/lancamentos-mobile.jpg"
        },
        {
          "start": "",
          "end": "",
          "img": "/img/uploads/colecao-de-inverno.jpg",
          "link": "https://blancatesports.com.br/colecao-de-inverno",
          "mobile_img": "/img/uploads/colecao-de-inverno-mobile.jpg"
        }
      ]
    },
    {
      "type": "collection-shelf",
      "shuffle": false,
      "limit": 24,
      "page": 1,
      "autoplay": 3500,
      "collection_id": "6660f632f4e6d85ab2a1183c:collections:Os mais vendidos 🔥:/os-mais-vendidos",
      "sort": null,
      "title": ""
    },
    {
      "type": "info-bar",
      "enabled": true
    },
    {
      "autoplay": 2000,
      "page": 1,
      "title": "",
      "shuffle": true,
      "headless": false,
      "type": "collection-shelf",
      "limit": 22,
      "collection_id": "667d3409f4e6d85ab2baf73d:collections:Euro 2024 🌍:/euro-2024-",
      "sort": null
    },
    {
      "type": "banners-grid",
      "banners": [
        {
          "img": "/img/uploads/b-1.jpg",
          "link": "https://blancatesports.com.br/brasileirao"
        },
        {
          "img": "/img/uploads/b-premiere-1-.jpg",
          "link": "https://blancatesports.com.br/premier-league"
        },
        {
          "img": "/img/uploads/b-selecoes.jpg",
          "link": "https://blancatesports.com.br/selecoes"
        }
      ]
    },
    {
      "type": "collection-shelf",
      "shuffle": false,
      "limit": 24,
      "page": 1,
      "collection_id": "6442bfb34bd2e929c1da3233:categories:Coleção de Inverno:/colecao-de-inverno",
      "sort": "slug",
      "autoplay": 3500
    },
    {
      "type": "banners-grid",
      "banners": [
        {
          "img": "/img/uploads/b-la-liga-1-.jpg",
          "link": "https://blancatesports.com.br/la-liga"
        },
        {
          "img": "/img/uploads/b-serie-a.jpg",
          "link": "https://blancatesports.com.br/serie-a"
        },
        {
          "img": "/img/uploads/b-outras-ligas.jpg",
          "link": "https://blancatesports.com.br/outros-times"
        }
      ]
    },
    {
      "type": "collection-shelf",
      "shuffle": true,
      "limit": 21,
      "page": 1,
      "collection_id": "665b40caf4e6d85ab29bff0a:categories:Versão jogador:/versao-jogador",
      "sort": "views",
      "autoplay": 3500,
      "title": "Camisas Versão Jogador "
    },
    {
      "type": "banners-grid",
      "banners": [
        {
          "img": "/img/uploads/b-retro.jpg",
          "link": "https://blancatesports.com.br/retro"
        },
        {
          "img": "/img/uploads/b-kit-infantil.jpg",
          "link": "https://blancatesports.com.br/conjuntos-infantis"
        },
        {
          "img": "/img/uploads/b-feminino.jpg",
          "link": "https://blancatesports.com.br/femininas"
        }
      ]
    },
    {
      "type": "collection-shelf",
      "shuffle": true,
      "limit": 24,
      "page": 1,
      "collection_id": "63f0f14cf4167e223c94367b:categories:Bundesliga:/bundesliga",
      "sort": null,
      "autoplay": 3500
    },
    {
      "type": "collection-shelf",
      "shuffle": false,
      "limit": 24,
      "page": 1,
      "collection_id": "63f10f1bf4167e223c944eb7:categories:Ligue 1:/ligue-1",
      "autoplay": 3500
    },
    {
      "type": "banners-grid",
      "banners": [
        {
          "img": "/img/uploads/fale-conosco-pc.png",
          "link": "https://wa.me/message/MNPEFL74HOVEN1"
        }
      ]
    }
  ]
}